{"mean":{"confidence_interval":{"confidence_level":0.95,"lower_bound":243608.4492924658,"upper_bound":248353.8963214217},"point_estimate":245661.48382991154,"standard_error":1220.7963831266939},"median":{"confidence_interval":{"confidence_level":0.95,"lower_bound":239588.85915492958,"upper_bound":248658.59523809524},"point_estimate":240548.89138513512,"standard_error":2532.356817864847},"median_abs_dev":{"confidence_interval":{"confidence_level":0.95,"lower_bound":2584.4020279347997,"upper_bound":12128.394058326614},"point_estimate":4743.865050065282,"standard_error":2664.5416821933713},"slope":{"confidence_interval":{"confidence_level":0.95,"lower_bound":239407.66940597346,"upper_bound":242078.6920997607},"point_estimate":240407.61474508644,"standard_error":700.5885675429525},"std_dev":{"confidence_interval":{"confidence_level":0.95,"lower_bound":6566.156093936291,"upper_bound":18784.245316318345},"point_estimate":12322.141843784733,"standard_error":3969.8660217231336}}