{"mean":{"confidence_interval":{"confidence_level":0.95,"lower_bound":1226930.4871589686,"upper_bound":1250417.238290686},"point_estimate":1236904.2173665678,"standard_error":6068.019906843506},"median":{"confidence_interval":{"confidence_level":0.95,"lower_bound":1222416.439690027,"upper_bound":1228706.9642857143},"point_estimate":1225925.4284131206,"standard_error":2000.45045083605},"median_abs_dev":{"confidence_interval":{"confidence_level":0.95,"lower_bound":10075.363853324749,"upper_bound":18655.599687701968},"point_estimate":13492.970750205222,"standard_error":2251.7430899832943},"slope":{"confidence_interval":{"confidence_level":0.95,"lower_bound":1216924.0189291015,"upper_bound":1238760.9778318268},"point_estimate":1224443.9611940298,"standard_error":5994.939548314319},"std_dev":{"confidence_interval":{"confidence_level":0.95,"lower_bound":15865.859274116721,"upper_bound":95181.81245963165},"point_estimate":60835.13495380953,"standard_error":20337.59561190648}}