{"mean":{"confidence_interval":{"confidence_level":0.95,"lower_bound":740412.1270367341,"upper_bound":744204.4078771784},"point_estimate":742224.2055609368,"standard_error":970.085931146082},"median":{"confidence_interval":{"confidence_level":0.95,"lower_bound":737890.6344086021,"upper_bound":740360.8412698413},"point_estimate":738561.8370588236,"standard_error":655.9971929391974},"median_abs_dev":{"confidence_interval":{"confidence_level":0.95,"lower_bound":3297.4346273174397,"upper_bound":6409.886160028008},"point_estimate":4969.669154895745,"standard_error":827.6419625673606},"slope":{"confidence_interval":{"confidence_level":0.95,"lower_bound":736967.6699272976,"upper_bound":739591.220676176},"point_estimate":738164.5699423674,"standard_error":673.8077304925712},"std_dev":{"confidence_interval":{"confidence_level":0.95,"lower_bound":7431.489306076381,"upper_bound":11759.153941360986},"point_estimate":9792.396551210742,"standard_error":1105.1871641072373}}