{"mean":{"confidence_interval":{"confidence_level":0.95,"lower_bound":1290318.0177549715,"upper_bound":1309080.7878304964},"point_estimate":1297108.042936388,"standard_error":5455.378610170693},"median":{"confidence_interval":{"confidence_level":0.95,"lower_bound":1288820.625,"upper_bound":1291866.573871409},"point_estimate":1290404.331845238,"standard_error":718.3112887211639},"median_abs_dev":{"confidence_interval":{"confidence_level":0.95,"lower_bound":4341.782577824851,"upper_bound":7693.3476649046825},"point_estimate":5937.600613222871,"standard_error":887.3390002162984},"slope":{"confidence_interval":{"confidence_level":0.95,"lower_bound":1289542.9040149767,"upper_bound":1292206.8444536119},"point_estimate":1290821.9986581942,"standard_error":681.6850115661708},"std_dev":{"confidence_interval":{"confidence_level":0.95,"lower_bound":7408.683366245759,"upper_bound":93148.0700358958},"point_estimate":54785.765737301655,"standard_error":30005.205394441185}}