{"mean":{"confidence_interval":{"confidence_level":0.95,"lower_bound":54933.797874731375,"upper_bound":55139.28037271465},"point_estimate":55029.66803343535,"standard_error":52.53486893972403},"median":{"confidence_interval":{"confidence_level":0.95,"lower_bound":54847.903173472616,"upper_bound":55031.9076318743},"point_estimate":54923.379145622894,"standard_error":49.595254231221574},"median_abs_dev":{"confidence_interval":{"confidence_level":0.95,"lower_bound":253.24180328183576,"upper_bound":439.0393502086906},"point_estimate":329.5482239054433,"standard_error":45.210406746112554},"slope":{"confidence_interval":{"confidence_level":0.95,"lower_bound":54771.54504139933,"upper_bound":54899.52630240632},"point_estimate":54831.47677946899,"standard_error":32.66130269176162},"std_dev":{"confidence_interval":{"confidence_level":0.95,"lower_bound":346.2560085827839,"upper_bound":705.1915459610215},"point_estimate":527.0179483099296,"standard_error":93.96127809162421}}